{
  "best_lrs": {
    "polar_grad": 31.622776601683793,
    "polar_grad_decay": 17.78279410038923,
    "muon_qdwh": 0.31622776601683794,
    "muon_qdwh_decay": 0.5623413251903491,
    "muon_ns": 0.31622776601683794,
    "adam": 0.1,
    "adam_decay": 0.5623413251903491
  },
  "all_results": {
    "polar_grad": {
      "1.000000e-01": 0.3342120170593262,
      "3.162278e-01": 0.09912757955491543,
      "1.000000e+00": 0.04802978653460741,
      "3.162278e+00": 0.010198531288187951,
      "1.000000e+01": 0.0012623590901542534,
      "3.162278e+01": 1.679542677114417e-05,
      "1.000000e+02": Infinity,
      "1.778279e+01": 0.0001410212944574596,
      "5.623413e+01": Infinity
    },
    "polar_grad_decay": {
      "1.000000e-01": 2.108622457186381,
      "3.162278e-01": 0.18911369254191715,
      "1.000000e+00": 0.08191839163502057,
      "3.162278e+00": 0.03412759202842911,
      "1.000000e+01": 0.01068106276972685,
      "3.162278e+01": 0.005490026122909815,
      "1.000000e+02": Infinity,
      "1.778279e+01": 0.0028773582573436824,
      "5.623413e+01": Infinity
    },
    "muon_qdwh": {
      "1.000000e-03": 6.226219620704651,
      "3.162278e-03": 5.145371009508769,
      "1.000000e-02": 1.7956020371119183,
      "3.162278e-02": 0.05294270388782024,
      "1.000000e-01": 0.02908126076758587,
      "3.162278e-01": 0.0012229098484385758,
      "1.000000e+00": 0.6796307093619057,
      "3.162278e+00": Infinity,
      "1.000000e+01": 0.8184927531083425,
      "1.778279e-01": 0.014013559888262535,
      "5.623413e-01": 0.04062042590541144
    },
    "muon_qdwh_decay": {
      "1.000000e-03": 6.4987585846583045,
      "3.162278e-03": 6.013992184003194,
      "1.000000e-02": 4.458519978523254,
      "3.162278e-02": 0.5020232007900873,
      "1.000000e-01": 0.03765679940581322,
      "3.162278e-01": 0.010607603516467256,
      "1.000000e+00": 0.015893458538582008,
      "3.162278e+00": 1.264864813418826,
      "1.000000e+01": 0.023866578855862217,
      "1.778279e-01": 0.026561466201771206,
      "5.623413e-01": 0.00938332501774615
    },
    "muon_ns": {
      "1.000000e-03": 6.374518162409465,
      "3.162278e-03": 5.616300649642945,
      "1.000000e-02": 2.9997553396224976,
      "3.162278e-02": 0.18452647772928077,
      "1.000000e-01": 0.27416047087560097,
      "3.162278e-01": 0.17805768637607497,
      "1.000000e+00": Infinity,
      "3.162278e+00": Infinity,
      "1.000000e+01": Infinity,
      "1.778279e-01": 0.1838417670706258,
      "5.623413e-01": 1.5837701038022836
    },
    "adam": {
      "1.000000e-04": 5.065550723075867,
      "3.162278e-04": 2.4815335408846537,
      "1.000000e-03": 0.5878330367803574,
      "3.162278e-03": 0.3467339888215066,
      "1.000000e-02": 0.007944229724816978,
      "3.162278e-02": 0.0006054807401960715,
      "1.000000e-01": 9.14528475732368e-06,
      "3.162278e-01": 5.536004342957312e-05,
      "1.000000e+00": 0.0006262355930327128,
      "5.623413e-02": 4.8208440603048075e-05,
      "1.778279e-01": 1.7060831733412367e-05
    },
    "adam_decay": {
      "1.000000e-04": 5.950695656140645,
      "3.162278e-04": 4.427012319564819,
      "1.000000e-03": 1.5657144856452943,
      "3.162278e-03": 0.501362962424755,
      "1.000000e-02": 0.10739223641653856,
      "3.162278e-02": 0.0051068550550068415,
      "1.000000e-01": 0.00017059923620157255,
      "3.162278e-01": 3.1047562174535415e-06,
      "1.000000e+00": 1.165687978451994e-05,
      "1.778279e-01": 2.1357440970556734e-05,
      "5.623413e-01": 1.0220520632249948e-06
    }
  },
  "config": {
    "steps": 1000,
    "n_seeds": 3,
    "seeds": [
      0,
      1,
      2
    ]
  }
}